AGENT_ID,NAME,TOTAL_PREMIUM,PREMIUM_RANK
AGENT-6829ce5f-fd83-40c8-b539-1b3231262f76,Jessica Adams,317642.53,1
AGENT-2bf268ca-591f-4297-b18b-2e07c8eaf61b,Brenda Clark,305341.98,2
AGENT-34743d6c-c89d-40c6-8aee-d09ab5aa4062,Michelle Simpson,304735.14,3
AGENT-b41e21f5-bdf3-42d9-aa46-92c881052021,Brian Adams,301082.47,4
AGENT-40ea762f-73e9-4255-9cac-ecf8b442200a,Michele Mason,297663.08,5
AGENT-510d892f-3479-4626-bfdf-da383b462acd,Rachel Clark,297519.85,6
AGENT-f1639146-2bc1-48e6-9ca3-4d1fe103048b,Steven Huang,297475.27,7
AGENT-c8786df9-2424-441d-8816-bcd8e7954923,Jared Schneider,294485.13,8
AGENT-28dff0f4-235d-474d-9d4f-dc89865d6141,Clarence Williams,292402.51,9
AGENT-5f236057-baca-437b-be06-2fb7b0bab18f,Bradley Mcclure,289502.66,10
AGENT-2eee9fc7-03d6-447d-be63-4ba46b5cbaba,Joan Adams,282759.12,11
AGENT-bb14b4d2-01fe-4d0a-ba1e-bba09a022bc8,Michael Campbell,275354.77,12
AGENT-f97aa61a-0658-48ec-8fdf-4b62f8194fa2,Dorothy Henderson,275006.09,13
AGENT-9819f557-7e7b-4037-9f87-a838cafce947,Erica Davis,270325.91,14
AGENT-fe510005-b3ac-43d1-a003-4827f050f154,Jason Parker,270200.9,15
AGENT-0a161ef2-d17c-4353-b2b9-7d33022babf3,Brian Wilson,269655.43,16
AGENT-a43eae30-c58e-4b48-a867-19aa22fe5b8a,Stacy Bradley,268938.59,17
AGENT-959219c9-3445-42c6-b75e-f1669ab17a34,Ryan Cunningham,268825.63,18
AGENT-49e2d939-c9bf-4045-9ffd-7eb730f41b79,Alexander Anderson,267984.59,19
AGENT-f9c0b6e5-9a0c-4644-bc79-3e4085981959,Richard Humphrey,267820.91,20
AGENT-63c272c6-0786-49dd-86e4-c991cf6f8439,Timothy Webster,267712.28,21
AGENT-3a9bc1ba-5ed8-4556-bc43-733c4a3420c2,Luke Foley,267216.09,22
AGENT-e88bf276-c3bf-44d1-8ee5-b59add32dfce,Heather Young,264054.37,23
AGENT-b609ff16-8541-4ad3-8684-69f18e43ff4f,Daniel Johnson DDS,261663.23,24
AGENT-30e2a1aa-7315-4037-a7dc-b4086f341b8d,Kim Oliver,261510.45,25
AGENT-44dab8b4-1ab2-4744-84d5-8ce41b0dbd5e,Allison Lara,260696.75,26
AGENT-a7167ae8-6545-4f6c-b2d4-f1d7506ece02,Caleb Martin,259724.76,27
AGENT-37e5cf0a-e64d-475c-98b7-d409fd480c90,Michelle Garcia,259693.6,28
AGENT-2b39943b-e901-4546-94f4-d663fd571f80,Gabriel Hancock,258832.98,29
AGENT-cff31f78-308e-457e-9f33-7bf61a04fc0a,Mrs. Karen Peterson MD,257373.63,30
AGENT-71c5b852-4b59-4587-aa8e-ee7918db2e1c,Justin Clark,256916.59,31
AGENT-ec193678-16e1-496e-b182-5e729f4f9927,John Wright,256846.85,32
AGENT-2933a007-54da-47c3-a2fb-f4bb28668b0f,Todd Mack,254867.44,33
AGENT-b2624ea9-6a59-4f69-9365-288e3ee923c5,Emily Flores,254772.61,34
AGENT-d55bd2b1-42ee-4343-8cc5-b2ab5f022805,Kristi Anderson,253453.21,35
AGENT-dc42ba9a-99d8-4db9-a4c0-b41479b262c4,Matthew Coleman,252995.18,36
AGENT-c260f388-a190-4c90-858a-b098bab7f462,Joshua Castro,252944.7,37
AGENT-203ac0d2-2acf-4726-83bb-0e1153756497,Jennifer Mueller,252075.68,38
AGENT-26b0fad7-16a2-4597-91d8-914668b42745,Billy Moreno,250193.32,39
AGENT-ccaa89fe-f33d-4fa3-af1d-24a342472bd1,Shawn Richardson,249306.54,40
AGENT-0132fff0-f474-4d23-a031-18fd965bbd38,Jason Carroll,249304.45,41
AGENT-7103d567-ed90-4561-a275-256e1f0881dd,Claudia Copeland,248744.25,42
AGENT-9ffbf55f-9361-4e43-be38-edef89340a07,Dana Proctor,248554.16,43
AGENT-8dfd5bd2-126a-4651-aefc-773928ed20ab,Maxwell Griffin,248075.62,44
AGENT-f45ec69d-ae2a-4ad9-ba7f-dc85863be303,Ethan Walker,247997.48,45
AGENT-26c10bcf-d82b-4e56-9a0b-c70edf376bd5,Robert Williams,246816.71,46
AGENT-b102f525-037c-41a0-bda4-bec017704b38,Scott Navarro,246336.19,47
AGENT-fb5ca5fc-f67b-4eef-89a8-8d912c606766,Helen Price,246074,48
AGENT-733c7d6b-e1e2-412a-9d8c-c1db26b7d49f,Lawrence Whitehead,245424.17,49
AGENT-4c6243cd-d3db-4e2f-8e86-193ad721a72a,Anthony Dunn,244275.28,50
AGENT-f0c52959-4f22-49b6-871f-029165941871,Michael Martin,243487.42,51
AGENT-8b11fa2b-5b9a-4879-9148-9bd4422f9524,Ryan Hanna,241538.76,52
AGENT-f81fc6b3-a88f-4577-bdcb-33ef237d4e14,Ronald Thompson,241145.01,53
AGENT-46b2a07b-ea1a-40d3-b455-09e3a4223af2,Catherine Williams,241038.48,54
AGENT-fd4f0021-a581-48a1-80cc-4a4529992904,Ashley Nguyen,239759.42,55
AGENT-82a53201-a4f9-4825-8439-6adcb5d2ad09,Matthew Clark,239750.79,56
AGENT-eabd19be-906a-4ba0-85e4-91ef4c39099c,Nicolas Robertson,238457.83,57
AGENT-cd4d35cd-8876-4c51-af5f-511b0b5a12e2,Angela Edwards,238303.74,58
AGENT-2340f16f-0b53-4f09-a2f1-136f899cc553,David Novak,238120.99,59
AGENT-433dccbb-2323-470a-b979-6fe8d3e38267,Jason Fuller,238045.54,60
AGENT-97a5659b-3eb8-4e70-9a55-450c883724a2,Amy Lane,237955.14,61
AGENT-daf64d98-540f-452d-997a-576364af929e,Kathleen Griffith,237424.55,62
AGENT-b29a30ef-f3c7-4ce0-ba08-67941055c150,Catherine Williams,236667.43,63
AGENT-273ebfa2-8388-4ef6-9c73-782dc8322aa1,Daniel Martin,235969.38,64
AGENT-539aa432-ac1d-472b-91e4-db9f2ff127c9,Mary Wagner,235752.95,65
AGENT-20e661c3-2207-4d2a-aaf7-b36806cbabb6,Debra Dawson,235358.74,66
AGENT-3946bc8a-6139-4177-a7e9-cc9a9350a9c7,Stacey Silva,233886.26,67
AGENT-e51ed15a-d844-45ec-8052-0bd33f0c2526,Felicia Joseph,233542.3,68
AGENT-05558061-c442-4a6c-bcb7-b16aa96d7d1d,Jennifer Travis,232913.85,69
AGENT-17350df3-4693-4655-ac3b-70f64855039b,Jose Brooks,232235.17,70
AGENT-398bd701-1b7d-44f5-abdd-654d7ea6b68c,Robin Maynard,232104.2,71
AGENT-98702d78-e0c7-4a6d-bb0a-56d89283bfe5,Melissa Horton,231741.3,72
AGENT-9835c4a4-6ab6-439b-890b-b2490cb180f0,Cheryl Benjamin,231562.87,73
AGENT-a9590d14-146b-46ae-b16f-97684f590815,James Lopez,231264.16,74
AGENT-f59e8497-246e-4565-a09f-dda023b62aef,Cassandra Schwartz,230762.67,75
AGENT-ab8cfc32-2166-429d-88c2-e492033b1df5,Dominic Hart,230512.1,76
AGENT-9d3c2e31-540c-4ca6-a4eb-144a68135dfc,Sheena Prince,230401.29,77
AGENT-ef8ca196-3e2e-4597-ad63-148d933ad4b8,Lauren Harding,229718.86,78
AGENT-002c0a98-0296-498f-b985-c7c8d90e5de2,Larry Arroyo,229516.22,79
AGENT-a974d481-47e7-4171-9712-7712584baf36,Shannon Nguyen,229070.39,80
AGENT-e6bebad4-55ed-4e41-ae8e-02fb358be80e,Kristopher Rivera,228698.14,81
AGENT-70bbf46b-a2da-4851-aac5-347540ad23fe,Megan Smith,228001.24,82
AGENT-6cba0aaa-c7cf-47b5-890b-5e71541da5e7,Jamie Brennan,227877.59,83
AGENT-e39f03a5-83fa-42bd-815e-aa3fd525f7f2,Andrea Trevino,227860.26,84
AGENT-d8db0a7b-9951-4edf-b30d-bf5841524ad4,David Richardson,227833.39,85
AGENT-ad97f81f-8f67-4edf-9da6-ea08f50228c6,Brian Olson,227196.72,86
AGENT-251c35cc-6105-4d54-b043-f58912dc3974,Justin Boyd,226865.29,87
AGENT-f3a491e7-0098-4426-aaae-4d37ba9ebb7d,Lauren Cooper,226493.75,88
AGENT-09b7a9b5-40e2-4186-97cd-74e1ae31edab,Mark Brown,225973.38,89
AGENT-bfbb2b9e-6c2a-4016-8b40-7ba39203a047,Jonathan Coffey,225535.95,90
AGENT-43b97e42-4587-4f96-b879-282e4959ee55,Annette Wade,225011.58,91
AGENT-f03f60f3-454d-496e-95d6-d6fcf66cea68,Robert Barrera,224988.75,92
AGENT-1bc17f9b-6a0f-4c4f-a5de-e764ce684671,Nicholas Alexander,224285.91,93
AGENT-92b7ae10-d2bd-4bad-94b3-88e04501185d,Natalie Santos,223640.64,94
AGENT-58b944ca-0c7b-48d2-991b-86de42e29066,Darrell Anderson,223476.67,95
AGENT-aa4a1997-49c9-425b-b25a-821db8ce385b,David Anderson,223108.14,96
AGENT-8482de29-137d-4c14-8e64-82db994415cb,Victoria Long,222929.55,97
AGENT-10e3e548-a1ba-45dd-9ba3-55c8ca9b52e8,Angela James,222360.73,98
AGENT-0106fc31-4670-45ba-bff5-b269f4741e31,Steven George,222156.07,99
AGENT-1b4dbf25-faf0-4d2d-b09f-43645ed2ad8e,Jennifer Cervantes,221791.65,100
AGENT-6579b867-86f4-49d8-aaf6-7c0764fcc2d1,Brian Ward,221750.82,101
AGENT-03fd1a82-7e93-4e72-b983-f2b8957f932d,Mark King,221738.98,102
AGENT-4d4455ca-0a26-48d1-aa01-662c41f14a1b,Cindy Hall,221111.88,103
AGENT-cf6159b2-53d9-424e-b2cb-043f4500e88a,Arthur Martin,220992.63,104
AGENT-4c80f3d1-5366-475f-9053-8a62096ca660,Deanna Maldonado,220843.81,105
AGENT-e77de485-ba54-4fa3-b467-b241b42ffd51,Sherry Manning,220632.36,106
AGENT-f5441407-8cef-4b58-a6d6-6965404ffe6f,Lisa Bryan,220526.48,107
AGENT-d0c10b5b-06ea-4ef7-add0-ff21f6d1a59b,David Mitchell,220381.39,108
AGENT-bde6bc87-b8fc-464f-b9df-3809d4be6ac7,Thomas Vega,220142.23,109
AGENT-fc4d1775-34ab-45f4-865a-f7b41952cfcc,Daniel Phillips,219388.57,110
AGENT-1c81c1ca-3b35-48ff-9d97-d2000acfc6c2,Thomas Johnson,218865.78,111
AGENT-9d197dbf-2d85-44dd-8673-891cf3ccaa79,Melanie Hardy,218123.42,112
AGENT-3ff92895-9b61-4335-b19f-95cb66d13d8e,Barbara Sanders,217644.09,113
AGENT-d96793fc-5a77-4fde-9638-81f34069f731,Kristie Knight,217554.06,114
AGENT-dd125b1f-07c1-4224-a259-29a7ece35843,Ellen Morales,217299.11,115
AGENT-0c218db5-cae6-4220-89ea-c4d61f47bf1c,Robert Fernandez,217241.84,116
AGENT-4f5f867d-ad4f-4f9b-b523-fdd7aea53eab,Erica Davis MD,217197.99,117
AGENT-a93181ee-974e-4d54-989b-f42b86c4d068,Kenneth Wade,217092.29,118
AGENT-d323925e-7783-4af0-9b30-904d0966fb9f,Robert Wilson,217089.15,119
AGENT-6b0342ec-3226-4994-ac7d-b1465e6fea40,David Velazquez,216476.2,120
AGENT-2b067bfa-11ec-418d-a6f7-77f77b7ccaf4,Herbert Garcia,216221.52,121
AGENT-4b1e72e4-34a5-4085-b1a6-850ae381bee5,Joseph Jones,216189.63,122
AGENT-a905de57-aea7-4e30-90b2-42f1a890fe67,Michael Sosa,216125.43,123
AGENT-68cb4079-bac0-4c89-b359-4d448d68233c,Robert Arnold,215869.79,124
AGENT-8d758116-74c9-499a-943e-5cdba95d9406,Amy Rivera,215358.26,125
AGENT-96caeaf9-e7db-4848-be48-57fd72be52fc,Erika Melton,215223.75,126
AGENT-cb0210fb-9c42-4cfe-a43f-165123a559c0,Matthew Maldonado,215011.13,127
AGENT-1d966fdb-e44e-4132-bd2b-9bd7705b0557,Douglas Stone,214546.53,128
AGENT-1e1acc57-a4a8-4377-91d7-ca0d875efd71,Charles Ball,214532.65,129
AGENT-da8eee6f-0aa6-47d6-af5b-94369415df32,Jennifer Walker,214499.22,130
AGENT-ae0ca926-b0f6-4342-8cf7-e0a9c77ee4ef,Holly Peterson,214013.98,131
AGENT-dd70be0a-99aa-4cc7-906e-69288594290c,Joshua Gonzalez,213299.87,132
AGENT-6d86d329-1488-46fd-929e-10f28778b085,John Sanders,212959.24,133
AGENT-a25e863b-c178-478d-908f-07fcecce5100,Jordan Horn,212864.77,134
AGENT-46791e2e-d84d-49d1-9b34-02d8d1d66fc0,Lisa Black,212831.7,135
AGENT-d55a8ce0-c284-415e-9691-a88b800fc69d,Martin Curry,212691.11,136
AGENT-c5c76b41-dc84-4d4e-a756-3594ee873974,Matthew Jenkins,212682.45,137
AGENT-8b8e3470-b9ec-4eb2-9916-d3286bc00031,Holly Walker,212595.74,138
AGENT-152a759f-b45e-4fec-a76d-5b57e9fa2f51,Michael Rowland DVM,212265.46,139
AGENT-3f660df3-cfd0-49c1-bbd7-cd985db2e833,William Jordan,212134.28,140
AGENT-30ec2645-acf5-4498-9e10-7b4cfda0ba53,Susan Reed,211772.34,141
AGENT-ea69c682-6752-4b36-8534-c38b52512b94,Sarah King,211310.71,142
AGENT-c2ada00f-8ff4-43b5-8061-843c56e03495,Aaron Randall,210992.99,143
AGENT-eb2b6139-4f72-4df8-ae67-511ff64eb4bd,Raymond Wolf,210583.66,144
AGENT-82c2f0e5-e432-421e-ad00-ece849f854ed,Megan Ortega,210336.27,145
AGENT-709bf626-308a-4f37-a4c0-00b95f879b93,Rhonda Peterson,210216.15,146
AGENT-d3e31a5a-f1be-485a-a00b-33dab664f750,Michael Johnson,209968.29,147
AGENT-3c5ec1c1-b194-4597-91c0-7f4bdc4dfb11,Cindy Whitaker,209947.63,148
AGENT-dec1521d-45ea-4d5f-898a-fe95fd75f392,Dr. Christopher Davis,209604.23,149
AGENT-96226870-3275-4dc4-a43d-cf6f00a409e2,Rachel Lee,209291.23,150
AGENT-4b4cefde-d873-4a76-b855-6ea6ebf821c4,Benjamin Byrd,209288.14,151
AGENT-9fa8211a-5e3b-489c-a45f-06aa27614d6b,Jessica Robinson,208776.11,152
AGENT-07a78b49-ef6a-43f5-a58c-32a2c2028646,Kathleen Anderson,208334.98,153
AGENT-0c709af3-0b2b-4847-bc94-001955240126,Lisa Adams,208274.12,154
AGENT-4ae97706-e884-4761-898a-40849d12c9a7,Crystal Mcgee,207556.09,155
AGENT-0a69b35c-68a3-4f54-86a8-fefa2cfa7d2e,Christopher Thomas,207333.3,156
AGENT-ed4d2a0e-c2e9-4f34-8045-13087263a5d8,Kristina Campbell,207242.7,157
AGENT-64138123-c107-4600-9fdf-cf64908bf107,Cheryl Peterson,207194.57,158
AGENT-c5f65930-5185-4dda-a310-51861b5345f2,Marissa Jimenez,207078.16,159
AGENT-b00e5517-3ab4-4a8a-a7b5-1ddce01f3bf7,Lisa Stewart,206740.34,160
AGENT-a0f07045-2ebf-4b52-937a-10d0ce10778f,Suzanne Miller,206707.34,161
AGENT-0efd0ec1-2fc4-4f10-a889-fdc885354e30,Barbara Casey,205884.36,162
AGENT-e731655a-c7e5-4fd8-be85-ca6806c355a3,Nancy Mayer,205857.08,163
AGENT-61f7a546-2bad-4559-bdb0-9ebfdca46290,Stephanie Stewart,205788.36,164
AGENT-0879a03c-a984-4f97-832b-4f81c8249970,Mr. Ruben Lane,205486.25,165
AGENT-583f31cb-4ffd-4241-8cbf-0407d3af4bdd,William Carroll,205285.34,166
AGENT-5ecb7b7a-e7d2-45d0-8d6b-4c6b42becd5f,John Jones,205251.53,167
AGENT-82e74e32-caf2-4130-bebb-231112acadc0,Beth Murillo,204966.97,168
AGENT-99b33fda-90d1-4cf8-96f3-7e45ee697969,Barbara Perez,204868.36,169
AGENT-c1330497-9647-46a3-acde-b9ef059af0be,Richard Delacruz,204726.18,170
AGENT-29ed4a6f-c77a-4aaf-9d09-90debc6a6664,Jeffrey Russell,204587.77,171
AGENT-dfbb7808-0dc5-4a03-b280-b0f12c6805c2,Thomas Pham,204110.59,172
AGENT-806017bb-b9d3-4e21-93a5-191ff87b83b7,Devin Chavez,203946.16,173
AGENT-a0f9503c-98e0-43a5-8565-8ed763ff3172,Susan Parker,203603.4,174
AGENT-287902b5-d39b-455e-943b-bf9cd1f2323d,Melanie Coleman,203108.18,175
AGENT-a6e530a3-a77b-4de3-8f74-eafa6cdc2915,Barbara Chen,202491.72,176
AGENT-16245fd6-ccec-450a-a46b-069555a78fda,Andrea Bridges,202474.57,177
AGENT-50898fb6-553e-43b8-a0dc-d60690bbaf7b,Tracy Williams,202159.71,178
AGENT-b3ae79dd-0e1d-43ee-a974-be8cad4412d2,Donna Bush,202103.31,179
AGENT-22531739-b72f-42a4-b443-7182408faae9,Timothy Cole,201279.74,180
AGENT-fca04919-8e7f-4d99-9b9d-57d44d5c01d6,Gabriella Bullock,200877.19,181
AGENT-c1b7ae08-e12e-45bb-9051-7eb03151aae3,Elizabeth Gonzalez,200830.72,182
AGENT-63a8e76d-c31d-4aad-8d64-a63caf615113,Kimberly Marshall,200598.79,183
AGENT-18384c3b-adcb-4220-9fcc-1361d9156d9c,Christine Andrews,199952.47,184
AGENT-18213a05-831b-4863-85dd-0ff273839645,Stacy Bruce,199790.05,185
AGENT-1b203866-0f48-4037-831a-be63ea446461,Tara Barrera,199609.7,186
AGENT-e2c7ae13-efc6-4c5e-8cc5-4af266325a8f,Chad Washington,199486.28,187
AGENT-5c83f7ad-e94a-4ba1-9e3d-de071287ff7c,John Evans,199060.33,188
AGENT-5dcbd99b-71ed-46e7-ab9c-0f0de9e2d264,April Fritz,198893.21,189
AGENT-16beef9e-85f3-4f1d-a55b-3c562719fa17,Melissa Ray,198887.13,190
AGENT-4bff99ca-fe1d-46ac-9126-2e3949c28678,Vanessa Ray,198761.81,191
AGENT-1b40d7f9-2312-41d9-98c1-d6f6beb879cf,Tara Shah,198173.4,192
AGENT-6309ef9f-4506-4059-814d-695fc81a79af,Robert Brown,198026.99,193
AGENT-544e56b1-3548-4974-98e9-0e084b4d94c4,Jessica Becker,197706.78,194
AGENT-1093e9dd-6cab-40bf-b3a2-11566820d2d2,Scott Gibson,197557.7,195
AGENT-be35f325-c1b9-4f33-8bfc-5610f6a1972d,Wayne Robertson,197503.68,196
AGENT-b406c63f-414f-4020-8db5-4fe8f2a18cd3,Paul Kim,197177.91,197
AGENT-0281a588-81fd-43c5-9156-efe380bc6ccf,Amy Vasquez,197129.59,198
AGENT-7596cf93-70e9-422a-8c83-f6cd3849410a,Holly Ward,197000.56,199
AGENT-a803dae9-b75e-43e5-b0dd-d3d8ada2b218,Yvonne Luna,196409.81,200
AGENT-0c0a6bf0-7e31-42ee-8ea9-680d0f82642c,Miss Rhonda Bell,195816.75,201
AGENT-726e39d4-bceb-4fcc-b935-e11302b7a1f1,Lydia Yates,195796.28,202
AGENT-8690452a-b8b2-4345-9ddc-b0f76a1adc4b,Jackie Carrillo,195776.99,203
AGENT-a377894f-f3e7-43f1-abac-52e56e664b14,Scott Macias,195582.12,204
AGENT-9a777729-5e87-448b-94b1-7ecca1ed2865,Kimberly Leonard,195479.84,205
AGENT-c757a9aa-d8c0-4c5c-9c13-77c5fd1c5f6f,Ricky Sherman,195372.34,206
AGENT-93279651-3b9e-4a91-a5a5-cfc383dee0c6,Holly Rose,195285.6,207
AGENT-7d574161-e667-4ffa-ac6f-361964c1008b,Crystal Benjamin,194555.66,208
AGENT-e677ad87-b2bf-4373-bcfd-8bcb28fdda83,Rachel Wright,194232.33,209
AGENT-6da8d94d-34bb-4e18-9f6d-7eb46d3d8db5,Jennifer Reynolds,193895.99,210
AGENT-486b4259-d2d5-4ed6-b61f-78094249df78,Daniel Williams,193770.99,211
AGENT-ed23dd16-4c4b-46a6-aa8a-861ccdd89cdc,Michael Price,192743.48,212
AGENT-6c45be04-d089-496a-ac76-1b3135449cf4,Kimberly Pacheco,192584.05,213
AGENT-9c66f39a-da34-4e6c-b5b1-bcb1619f2a4a,Timothy Harris,192290.75,214
AGENT-14f606d4-7b11-4ff1-ad74-3945e11e9448,John Pace,191428.7,215
AGENT-dc05b939-9e8c-4774-87a2-90085df9b971,Loretta Phillips,191366.32,216
AGENT-35e0a4f9-88b6-4382-b67a-11a9fa1c4b1d,Daniel Smith,191001.54,217
AGENT-27304079-7b6b-41e2-9a71-c65a7ee1589e,Michael Gibson,190905.38,218
AGENT-88526fce-3ba8-418c-ab84-ac7821f75f46,Jason Cook,190901.14,219
AGENT-2b3bbd2c-4a60-4c70-84db-519035d1cb0d,Sarah Flowers,190566.05,220
AGENT-44bbc7de-f119-4e15-b480-92cd93528e6c,Austin George,190517.76,221
AGENT-17431081-50e0-4acb-8840-c63c98240524,Tammy Cooper,190035.35,222
AGENT-25e2931a-f078-4a38-b7b4-b7c89bcfc246,April Mullins,189805.19,223
AGENT-918b5e97-290f-41b9-beb0-7ef4bbe41373,Richard Hayes,189286.02,224
AGENT-f355add5-62c4-4be6-bb7d-8fe4b51392d4,Austin Evans,189274.79,225
AGENT-f903b7e5-0b91-480a-96c2-33d071deb635,Mr. James Cooper,189249.96,226
AGENT-53eb5f6d-5918-46a7-a374-95b10d45e1f6,Lori Harrison,188927.13,227
AGENT-e3c608cc-5239-450b-974a-b0ddeda9016a,Joseph Tran,188582.32,228
AGENT-be27084f-ec4d-4373-8980-51ff6352501d,Dustin Carter,188084.17,229
AGENT-ab406b47-1ff2-44aa-8bdf-69b145f5f66c,Tamara Rivera,187790.29,230
AGENT-a72bac81-11ca-4be8-add2-9706a407a067,Mr. Benjamin Wade,186837.04,231
AGENT-567bdc46-2147-4afb-a8b9-1839390ca6f5,Joshua Nelson,186701.78,232
AGENT-b9c01ea8-0095-44ec-9c0b-98e3fbb3ba3c,Micheal Miller,186680.9,233
AGENT-a60600ba-bf9a-48cd-9b80-f333e90f27b9,Joshua Suarez,186549.86,234
AGENT-6a38958b-668c-4423-a924-870b5cb9b82c,Paige Wood,186506.54,235
AGENT-6aa2b337-347d-49a1-a635-6223fdc34058,Robin Jefferson,185845.66,236
AGENT-b3709dd6-507f-457c-a26d-5ffda5110a8a,Kimberly Allen,185520,237
AGENT-fb7954b6-26de-4a6c-907f-e515006da0c2,Tamara Smith,185356.39,238
AGENT-b6f569c7-7254-4d65-99dd-f1235f6e02e8,Dean Newman,184821.86,239
AGENT-05e9a26b-cff4-4e44-801b-825fa5523d30,Cindy Roberts MD,184658.77,240
AGENT-671b8785-e778-40f3-8edf-2115b27d8a1f,Luis Lee,184641.65,241
AGENT-811a6af7-bc9c-4007-bd61-81c336eaa3c1,James Wall,184162.39,242
AGENT-47fd44d3-574b-49c8-98e3-4533f8f1124b,Jermaine Rogers,184122.18,243
AGENT-926fd81a-34da-4b38-990a-227c719305aa,Chloe Rodriguez,183709.14,244
AGENT-6f699076-29c0-4c2a-a91e-2e810981e53e,Anna Jones,183491.82,245
AGENT-35ce9854-58e5-456a-8d22-7fe8c71125a2,Carrie Martinez,183426.77,246
AGENT-8e9e98b4-c85f-4550-833b-6133b4b81f68,Paul Spencer,183161.39,247
AGENT-16759af8-a3fd-470f-8fa5-7c86cadcf3a4,Jasmin Walsh,183058.64,248
AGENT-14d4c11a-f5ad-4441-8f1e-aede32c9f239,Colleen Adams,182633.27,249
AGENT-30c6811a-e27e-4089-b8fb-1f93d4424190,Bryan Frank,182535.07,250
AGENT-dc5d3e2b-b250-485f-a707-b164c735907c,Tyler Garcia,182130.18,251
AGENT-ab101ce9-9937-4ef3-8241-512044cf3052,Jennifer Ewing,181993.25,252
AGENT-2c74cf86-c944-4eec-8e93-6ca82b247a56,Erin Sanchez,181859.7,253
AGENT-caa0d2e8-14d6-4560-82aa-da2abf5d96d8,Kimberly Pennington,181692.12,254
AGENT-e3ece2c4-296b-43a9-9081-00d376e6a31d,Danielle Callahan DDS,181369.39,255
AGENT-4363adc2-74ab-4354-96dc-b7add881d600,Mary Thomas,181283.92,256
AGENT-d768c4f4-a003-4117-9941-e46687bafe65,Allison Rodriguez,181024.65,257
AGENT-e5e1a491-37e3-4d08-8727-3a8abac981b3,Travis Roth,180989.91,258
AGENT-1f9ed634-db32-42bf-ada6-b21dc8699e39,Dana Brock,180968.6,259
AGENT-c30bdde2-2cf7-4a3d-99ab-1c6d8c103dd4,Reginald Clark,180561.23,260
AGENT-0f66814c-a4c4-4aae-a6d7-cb6183d192dc,Monica Randolph,179753.79,261
AGENT-282434bc-5b9d-4d4e-9bbf-d8f9dc77964d,Tamara Santos,178811.69,262
AGENT-11f63531-5e45-4f95-afd6-58c8bbe7f5c9,Brandon Porter,178513.27,263
AGENT-36cd1538-34a5-44c3-b5dc-1cb10b3d2359,Michael Cardenas,178257.24,264
AGENT-ce353e43-16b8-4fc3-994d-112b2dac05a0,William Reed,178001.19,265
AGENT-9b467812-78d3-4c6e-b246-400f96b7fde1,William Garcia,177967.51,266
AGENT-89c0d1ff-2732-4a3c-9012-2d93e5158e3c,Gavin Caldwell,177786.8,267
AGENT-1e51ccaf-83a8-4f9a-a333-62f8a7ad2d6e,Amanda Perkins,177614.12,268
AGENT-2cc54838-353e-4316-be99-810b0b76c7cb,Michelle Bowers,177579.03,269
AGENT-d16aa525-ad20-4ea7-b18c-e3dae9907f7a,Kevin Harvey,177136.13,270
AGENT-6fe7ab3d-ab69-4a10-8db6-76941a48e942,Henry Oconnell,176744.57,271
AGENT-ef4886d4-51ff-4644-9d67-6c33b88f3c65,Katherine Morgan,176572.35,272
AGENT-24ef575f-4347-4221-a605-5ff5f395744c,Chelsey Horne,176428.22,273
AGENT-24b6e9b9-03a4-43ce-881d-e1b2e74a99b1,George Compton,176336.1,274
AGENT-f238ab29-97de-493b-a455-25922ec2e23e,Alexander Hill,176051.12,275
AGENT-f8ad76c9-6f90-4625-a3c0-d369c3489aa8,Nancy Williams,176047.4,276
AGENT-ade6b95a-68da-4bc8-aeb3-6ab71fced21e,Laura Wheeler,175998.31,277
AGENT-f43c4f8f-076c-4ccc-9505-2dbb8579bfe1,Andrea Lee,175640.92,278
AGENT-25fe72ca-6631-44a7-b843-2e16dea8124a,Gregory Jones,175604.06,279
AGENT-9afa6f98-30ef-4131-8754-087a054d5b8b,Jason Parker,174900.49,280
AGENT-648c822b-e13a-451f-9a9b-1d1fd50299a1,Elizabeth King,174569.72,281
AGENT-20f5f340-e2a2-4d70-a622-341f8dffc64d,Jamie Ward,174518.6,282
AGENT-50f4ad4f-db28-4a99-9998-f1b86f485194,Christine Mendoza,174466.24,283
AGENT-246983fb-85f8-4334-b5ba-472a7e53bd7b,Eric Hutchinson,174433.38,284
AGENT-390b4aab-672d-437c-a429-335885c26ba2,Ashley Riley,174419.11,285
AGENT-72d89a98-2715-421a-a4b5-684bb325c4d8,Jerry Farley,174357.65,286
AGENT-eab9275e-ff7a-4d1f-93bf-8b07683e3334,Angela Lopez,174073.89,287
AGENT-6f050baf-1a05-4693-98d3-2ec8caf3917b,Martha Kaufman,173869.51,288
AGENT-94ccdb44-51f3-418a-8e58-80e7b1787af4,Christopher Chavez,173749.6,289
AGENT-1ca44126-a2fc-4c7a-931d-6930cc823dbd,Carly Burton,173644.49,290
AGENT-df7c039d-d8f9-4f0e-b9b5-13a5feeecb93,Laura Williams,173507.95,291
AGENT-30e6d18b-a1b8-453a-b052-498823ea72c7,Richard Roberts,173492.65,292
AGENT-277bc139-d8ac-4e79-94d8-18db3ccb695e,Thomas Torres,173149.06,293
AGENT-7049a10d-303f-46cc-952e-f6be048c92a6,Tina Coleman,172821.71,294
AGENT-7052aac0-f5f3-481c-b317-1efa1a7275ec,Dennis Martinez,172705.56,295
AGENT-f02eb6c1-f0d0-48a7-ac86-a9223d5493ad,Mario Scott,172436.85,296
AGENT-27e1cf21-28fa-4669-a9d3-d59021638e6f,Jesse Hamilton,172113.74,297
AGENT-f3f1dc9b-da82-4f3b-9b82-745e2dfe84ce,Jonathan Moore,172043.62,298
AGENT-9de14115-0ace-4fba-983c-64f30771535e,Jessica Garcia,171896.56,299
AGENT-5fc87df7-f16d-4f00-8e0f-f39dc1279180,Samuel Wyatt,171778.41,300
AGENT-1de9ba45-ed53-4e65-9f85-ccfc8bf7edf8,Adam Garcia,171037.73,301
AGENT-e2c73ec6-4179-4838-a757-a9fd52286a25,Nicole Washington,170968.55,302
AGENT-03097edf-9bdd-4284-abd5-67bac0f46579,John Greene,170898.5,303
AGENT-1754aa9a-3c88-4e15-b5bd-3168ec1ee0d0,April Clarke,170055.62,304
AGENT-75b0a086-ee6f-4f17-9bdf-6c34ad4564b7,Richard Casey,169901.05,305
AGENT-e8c92856-1855-49ff-94e8-2915356c74ba,Jordan Gonzalez,169666.09,306
AGENT-3bbb0c90-2e8a-43af-978c-1a2b88c1073c,Kelly Fleming,169217.66,307
AGENT-1bbd0acf-bd61-4f62-a89a-8306dead4083,Joseph Butler,169152.29,308
AGENT-5b6dc4a0-d678-4407-ac93-5d58fa8aa6e1,Alyssa Colon,168483.74,309
AGENT-c152c8c2-802c-4bc9-a6f5-80ffb6bfe26b,Cynthia Miller,168474.42,310
AGENT-5527a18c-c5bf-48b4-b7eb-390f397bfdd3,Kimberly Brown,168362.03,311
AGENT-115b139e-ae91-4edb-a410-130aee6b8587,Dr. Antonio Turner MD,167989.7,312
AGENT-ad5b741c-1928-4eca-8fe4-0c193d8c421d,Robert Kim DDS,167828.79,313
AGENT-9c653211-ecc8-4670-adbd-e21d3d58c0d4,Taylor Munoz,167413.69,314
AGENT-14e9fafc-d915-4810-bffa-93a3aded4804,Kathy Gutierrez,167163.79,315
AGENT-30910047-1cd1-4b35-bcb3-ef60986b46e4,Nancy Hernandez,166621.49,316
AGENT-6370ea99-e085-4f17-8f5f-f4c1722ff29f,Jerry Joseph,166577.35,317
AGENT-81cc2b1d-50f5-4d2d-abfb-e6ff9a2cb925,Alan Huffman,165935.43,318
AGENT-d3860711-9bd6-4f75-80ad-66b7d9746d5e,Erin Ramos,165650.28,319
AGENT-b8f453a9-7e1a-4119-ba3c-7827fb929346,Jeremiah Smith,165621.53,320
AGENT-dc9825c1-67aa-41cf-8a38-e2af191f97b0,Kyle Stewart,165582.15,321
AGENT-3f9f11fa-a007-409b-add2-5165000c4c4c,Samantha Lawson,165418.89,322
AGENT-7149968e-d78b-4b0b-8b89-9c0590437483,Stephanie Smith,165140.71,323
AGENT-66815014-8be3-41ac-b3f3-6ff4e08e7d73,Nathan Lara,164545.19,324
AGENT-4f7441b8-1f31-4dc3-88cc-7b3090932bf3,Daisy Martinez,163943.16,325
AGENT-6b65c662-704b-435f-bf81-0e6edf57479f,Robin Hammond,163822.05,326
AGENT-eacce8b3-8f6e-419b-92d5-dba3038be17e,Robert Jenkins,163808.13,327
AGENT-83d8d8fe-5480-40e3-90aa-1926607924d5,Gregg Kelly,162944.16,328
AGENT-89ec7835-c490-4542-95dd-adacde5f94b3,Cody Harrell,162563.44,329
AGENT-56ca6552-98e0-4b33-8e33-8dcbaa64eba1,Ethan Miller,162086.88,330
AGENT-fe4d5ee4-7f74-446a-a337-f8223b93c3f9,Brett Willis,161689.19,331
AGENT-9a025c8a-6c87-445b-8fae-0967c1b07015,Ronald Holland,161488.02,332
AGENT-7a896a13-b15d-46f7-ad98-37b83d288016,Joseph Padilla,161436.81,333
AGENT-8bc2bc46-5b5f-40e1-b3a7-998043790f88,Stanley Donovan,161316.16,334
AGENT-43ff6cf9-2984-416c-a7c2-98a879d158b4,Jonathan Pena,158993.08,335
AGENT-55d91dde-99ff-423e-87f5-47fae7faf179,Colleen Hill,158620.49,336
AGENT-60de6552-df53-45bb-90c9-1e4073989ef4,David Stevenson,158511.81,337
AGENT-22e791ed-b8e6-4daa-9dca-c78375fc5954,Victor Mora,158208.06,338
AGENT-ea8800ea-2f3d-4040-804a-d273a2d5472f,Nancy Jones,157630.77,339
AGENT-0874e796-dc17-4da8-83d7-ca5d440580c9,Timothy Martinez,157391.97,340
AGENT-a3e42a98-fa0c-490a-90a3-1a1f10cd7f37,Gregory Johnson,156536.21,341
AGENT-2ae706a6-8759-4915-bd4e-d5b7406e9272,Stephanie Delacruz,156489.23,342
AGENT-5820bfdd-621d-4f32-8d06-84c47cd6300d,Amy Gonzalez,156473.68,343
AGENT-ac9a86fe-4730-4081-a869-885739b02b46,Jerome Livingston,156367.01,344
AGENT-812b4729-5bcd-4321-ba1f-a0a3892db2c0,Jacob Short MD,156252.07,345
AGENT-d4a82165-e4c5-46ca-a7ea-59c7006a8c08,Destiny Clark,156151.22,346
AGENT-73123cae-ac10-45e4-b279-aaab74c94bcb,Brian Lara,154268.99,347
AGENT-169f26a3-d27c-48ed-b32a-1056e93c317a,Jill Cook,153895.54,348
AGENT-45d1a552-e8ef-4e15-80b1-01298dc61c1f,Michael Henry,153834.09,349
AGENT-7a3f37a6-41fe-4b8d-8561-af2ca859f9c7,Sergio Smith,153434.75,350
AGENT-15b63160-2b85-41d0-b169-9c0669345185,Jo Huerta,153243.74,351
AGENT-651a8417-44a7-46d7-939a-5add34de55be,Jennifer Perez,152260.03,352
AGENT-383657d8-7688-4682-8a46-c9aca4bdb80b,Alexander Cox,151948.61,353
AGENT-d8959873-7bfd-4773-a136-733b25e680f7,Justin Ballard,151770.14,354
AGENT-c1649df6-7c1b-4370-9e53-f1c02d733fa4,Jerry Cruz,151101.07,355
AGENT-e916b5d7-ffe3-479c-b286-b4e98d85f6b4,Sheila Rodriguez,151036.29,356
AGENT-1ef87596-a09d-4876-ac8d-9438c8106c78,Sara Marshall,150198.84,357
AGENT-264bd608-fcbf-4412-87d8-c8888ee4a570,Peter Lester,148908.72,358
AGENT-616df23f-fa4c-44b9-a4f6-f1269fc51bc2,Mark Higgins,148731.74,359
AGENT-08516b59-10ab-4bfe-8892-867b31b3ef49,Vanessa Paul,148475.12,360
AGENT-c399f1e7-b3ee-4c8d-86a7-4089d769f00d,Marcus Mcconnell,148095.26,361
AGENT-7c1c8df5-73f5-4a12-87ec-244640091ae0,Calvin Peterson,147858.59,362
AGENT-42b92aff-366c-413b-9bb3-fc1f7366241b,Angela Adkins,147817.13,363
AGENT-54028c97-ff32-4c37-989f-496b0f84275f,Gwendolyn Blanchard,147087.17,364
AGENT-8ba5a7fd-1ba2-4eae-bb54-f9793d7cbc9f,Gina Smith,146838.97,365
AGENT-806d66e3-efe6-4977-9452-185c5f82abdb,Janet Taylor,145336.82,366
AGENT-4ddb7e91-8cc5-4a95-81d0-1947579e1625,Benjamin Mays,144982.27,367
AGENT-1e6ea26b-ecec-48cf-a276-1a5a821c7d8f,Peter Rhodes,144471.59,368
AGENT-bda203e3-b594-46b4-a740-9a42caca2f54,Carla Frederick,143463.25,369
AGENT-4beef1b2-9d9c-41b6-be78-f7e57341877b,Erin Pham,143127.92,370
AGENT-38b26aa7-bc82-4daf-8e74-a4064f817381,Rodney Richardson,143112.79,371
AGENT-4d9befc9-a65b-4840-a75c-15bb31fa8baf,Tyler Jones,143046.12,372
AGENT-cb171e97-7629-48f0-9768-22c9d3a1d1f6,Robert Dominguez,142542.34,373
AGENT-01d3b36d-d339-4fa5-bb97-ac2b5d4bba6c,Deanna Gilbert,140843.64,374
AGENT-8afb9952-bb5d-4b91-bd7d-68a0ecde52dd,Miranda Mendoza,140636.53,375
AGENT-eae5b621-5e11-4901-8f4b-87d2fbd965fd,Barbara Jones,139604.68,376
AGENT-c57e7a35-aea5-4eaa-a4a4-6c65abfafd42,Aaron Johnson,139046.4,377
AGENT-312161f5-6f95-4140-a7db-6ab6fc27713e,Joseph Allen,138659.77,378
AGENT-07eb41c8-52de-46b9-8728-69af809bbc37,Pamela Johnson,138174.6,379
AGENT-441eb17d-c496-4ed1-bc4b-b82c543af9c2,Scott Marks,137976.43,380
AGENT-dce07129-0433-42a5-ab02-170c197fed8f,Austin Roberts,136554.97,381
AGENT-6a406c57-359d-4cb7-a5f2-23d0eb6f92b3,Ashley Rodriguez,135972.12,382
AGENT-16dee520-5f35-41d5-bd7e-61bc1064a1cc,Anthony Fuentes,135393.38,383
AGENT-66b4721e-c5e8-4cd0-94bc-daac2b1feb94,David Cruz,133353.94,384
AGENT-5801e3aa-f074-4ec9-afb4-bcb8e84cf845,Tracey Davidson,130853.66,385
AGENT-d7a94881-c626-4db2-a479-ce8398b7ab71,Jennifer Mckinney,129013.08,386
AGENT-d762a49d-576d-4f72-a83b-901374247956,Joseph Jones,128581,387
AGENT-79c8ae87-4b0c-4902-8d5c-df540140c7a3,Adam Henry,123796.18,388
AGENT-5b2fc2f3-36d1-4440-90ae-1d5009e35c3b,Colleen Robinson,123722.41,389
AGENT-863a4860-91fd-466a-a57a-dbd2a05a2502,Jennifer Rivera,123103.96,390
AGENT-af3e36f5-2efe-4fb9-90ad-972a38f7646c,Maria Brown,119063.51,391
AGENT-0cb58a22-cd49-4a99-b5d2-57d703f6d362,Chad Silva,116210,392
AGENT-1d9125e7-adbe-4297-a9db-6eac2679bf94,Mr. Jonathan Murphy,114310.89,393
AGENT-3deadc4a-d00e-476b-9bc4-0edd53e33301,Jennifer Kramer,112801.32,394
AGENT-5c4e144a-19f3-4199-bf78-7fcce6f19264,Christopher Tucker,112726.48,395
AGENT-527d8c48-e5d3-4511-a0c5-4b3c5ebf0551,Barbara Ward,111778.78,396
AGENT-8309cb32-5e92-4b29-8e5f-0109f1fab2b0,Terri Page,110347.03,397
AGENT-ec093e67-3f6b-401b-aa84-1d62d9b06766,James Jones,98254.01,398
AGENT-c64de55b-d6e3-4c67-bd0e-c193543185ad,Kelly Evans,95359.45,399
AGENT-5addd4a4-a792-42c0-997f-003100eb19eb,Sara Wood,76192.99,400
